Fecha,Importe,Categoría,Concepto
2026-10-01,12.50,Supermercado,Válida 1
31/02/2026,10,Supermercado,Fecha imposible
2026-10-03,abc,Supermercado,Importe no numérico
2026-10-04,0,Supermercado,Importe cero
2026-10-05,15.00,Supermercado,Descripción larga Descripción larga Descripción larga Descripción larga Descripción larga Descripción larga Descripción larga Descripción larga Descripción larga Descripción larga Descripción larga Descrip
2026-10-06,16.00,Categoría con un nombre excesivamente largo Categoría c,Categoría demasiado larga
,18.00,Supermercado,Sin fecha
2026-10-09,,Supermercado,Sin importe
2026-10-07,17.00,Transporte,Válida 2
